{
  "feature": 0,
  "atom_count": 32,
  "group3": {
    "atom_count": 32,
    "best_assignment": [
      0,
      1,
      2,
      1,
      0,
      1,
      2,
      1,
      0,
      1,
      2,
      1,
      0,
      2,
      1,
      2,
      2,
      1,
      2,
      1,
      2,
      1,
      2,
      1,
      2,
      1,
      0,
      1,
      0,
      1,
      2,
      2
    ],
    "best_group_spans": [
      [
        [
          0,
          0
        ],
        [
          4,
          4
        ],
        [
          8,
          8
        ],
        [
          12,
          12
        ],
        [
          26,
          26
        ],
        [
          28,
          28
        ]
      ],
      [
        [
          1,
          1
        ],
        [
          3,
          3
        ],
        [
          5,
          5
        ],
        [
          7,
          7
        ],
        [
          9,
          9
        ],
        [
          11,
          11
        ],
        [
          14,
          14
        ],
        [
          17,
          17
        ],
        [
          19,
          19
        ],
        [
          21,
          21
        ],
        [
          23,
          23
        ],
        [
          25,
          25
        ],
        [
          27,
          27
        ],
        [
          29,
          29
        ]
      ],
      [
        [
          2,
          2
        ],
        [
          6,
          6
        ],
        [
          10,
          10
        ],
        [
          13,
          13
        ],
        [
          15,
          16
        ],
        [
          18,
          18
        ],
        [
          20,
          20
        ],
        [
          22,
          22
        ],
        [
          24,
          24
        ],
        [
          30,
          31
        ]
      ]
    ],
    "best_imp_cost": 0.48132377145844074,
    "best_leaf_cost": 0.4075657781302804,
    "candidates_recorded": 2,
    "feasible_leaves": 2,
    "groups": 3,
    "has_feasible": true,
    "max_seen_states": 476286,
    "ok": true,
    "stage2_diag": {
      "coarse_bucket_count": 34,
      "coarse_bucket_max_size": 5786,
      "coarse_top_buckets": [
        {
          "c0": 8,
          "c1": 8,
          "c2": 8,
          "count": 5786,
          "next_pos": 32,
          "positive_total_margin_units": 492,
          "positive_total_weight_units": 4012
        },
        {
          "c0": 8,
          "c1": 8,
          "c2": 8,
          "count": 5786,
          "next_pos": 31,
          "positive_total_margin_units": 492,
          "positive_total_weight_units": 4012
        },
        {
          "c0": 8,
          "c1": 8,
          "c2": 8,
          "count": 2893,
          "next_pos": 30,
          "positive_total_margin_units": 485,
          "positive_total_weight_units": 3885
        },
        {
          "c0": 8,
          "c1": 8,
          "c2": 8,
          "count": 1447,
          "next_pos": 29,
          "positive_total_margin_units": 478,
          "positive_total_weight_units": 3754
        },
        {
          "c0": 8,
          "c1": 8,
          "c2": 8,
          "count": 1447,
          "next_pos": 28,
          "positive_total_margin_units": 478,
          "positive_total_weight_units": 3754
        },
        {
          "c0": 8,
          "c1": 8,
          "c2": 8,
          "count": 724,
          "next_pos": 27,
          "positive_total_margin_units": 466,
          "positive_total_weight_units": 3622
        },
        {
          "c0": 8,
          "c1": 8,
          "c2": 8,
          "count": 724,
          "next_pos": 26,
          "positive_total_margin_units": 466,
          "positive_total_weight_units": 3622
        },
        {
          "c0": 8,
          "c1": 8,
          "c2": 8,
          "count": 362,
          "next_pos": 25,
          "positive_total_margin_units": 446,
          "positive_total_weight_units": 3370
        },
        {
          "c0": 8,
          "c1": 8,
          "c2": 8,
          "count": 362,
          "next_pos": 24,
          "positive_total_margin_units": 446,
          "positive_total_weight_units": 3370
        },
        {
          "c0": 8,
          "c1": 8,
          "c2": 8,
          "count": 181,
          "next_pos": 23,
          "positive_total_margin_units": 423,
          "positive_total_weight_units": 3135
        }
      ],
      "record_limit": 20000,
      "recorded_states": 20000,
      "reduced_k3_bucket_diag": true,
      "support_bucket_count": 19498,
      "support_bucket_max_size": 3,
      "support_top_buckets": [
        {
          "c0": 8,
          "c1": 8,
          "c2": 8,
          "count": 3,
          "explicit_margin_units": 192,
          "explicit_weight_units": 1224,
          "next_pos": 32,
          "positive_total_margin_units": 492,
          "positive_total_weight_units": 4012
        },
        {
          "c0": 8,
          "c1": 8,
          "c2": 8,
          "count": 3,
          "explicit_margin_units": 246,
          "explicit_weight_units": 1952,
          "next_pos": 31,
          "positive_total_margin_units": 492,
          "positive_total_weight_units": 4012
        },
        {
          "c0": 8,
          "c1": 8,
          "c2": 8,
          "count": 3,
          "explicit_margin_units": 269,
          "explicit_weight_units": 1775,
          "next_pos": 32,
          "positive_total_margin_units": 492,
          "positive_total_weight_units": 4012
        },
        {
          "c0": 8,
          "c1": 8,
          "c2": 8,
          "count": 3,
          "explicit_margin_units": 241,
          "explicit_weight_units": 1585,
          "next_pos": 31,
          "positive_total_margin_units": 492,
          "positive_total_weight_units": 4012
        },
        {
          "c0": 8,
          "c1": 8,
          "c2": 8,
          "count": 3,
          "explicit_margin_units": 192,
          "explicit_weight_units": 1224,
          "next_pos": 31,
          "positive_total_margin_units": 492,
          "positive_total_weight_units": 4012
        },
        {
          "c0": 8,
          "c1": 8,
          "c2": 8,
          "count": 3,
          "explicit_margin_units": 218,
          "explicit_weight_units": 1870,
          "next_pos": 31,
          "positive_total_margin_units": 492,
          "positive_total_weight_units": 4012
        },
        {
          "c0": 8,
          "c1": 8,
          "c2": 8,
          "count": 3,
          "explicit_margin_units": 220,
          "explicit_weight_units": 1414,
          "next_pos": 32,
          "positive_total_margin_units": 492,
          "positive_total_weight_units": 4012
        },
        {
          "c0": 8,
          "c1": 8,
          "c2": 8,
          "count": 3,
          "explicit_margin_units": 220,
          "explicit_weight_units": 1414,
          "next_pos": 31,
          "positive_total_margin_units": 492,
          "positive_total_weight_units": 4012
        },
        {
          "c0": 8,
          "c1": 8,
          "c2": 8,
          "count": 3,
          "explicit_margin_units": 218,
          "explicit_weight_units": 1870,
          "next_pos": 32,
          "positive_total_margin_units": 492,
          "positive_total_weight_units": 4012
        },
        {
          "c0": 8,
          "c1": 8,
          "c2": 8,
          "count": 3,
          "explicit_margin_units": 246,
          "explicit_weight_units": 1952,
          "next_pos": 32,
          "positive_total_margin_units": 492,
          "positive_total_weight_units": 4012
        }
      ],
      "template_negative_groups": 1,
      "template_positive_groups": 2
    },
    "stage2_state_calls": 504584
  }
}